{
    "platform": "Jetson (aarch64)",
    "model": "/home/laheckaf/ssj/models/yolo_s.engine",
    "img_size": 640,
    "iou_threshold": 0.5,
    "mAP50-95": 0.6644099904747021,
    "mAP50": 0.870036655671412,
    "Precision": [
        0.8381379962192816
    ],
    "Recall": [
        0.828268339059946
    ],
    "F1_Score": [
        0.8331739400345631
    ],
    "FPS": 25.42921081911502,
    "Avg_Inference_ms": 39.32485389001158
}