{
    "platform": "Jetson (aarch64)",
    "model": "/home/laheckaf/ssj/models/yolo_l.engine",
    "img_size": 640,
    "iou_threshold": 0.5,
    "mAP50-95": 0.6810855408511526,
    "mAP50": 0.8738795777032552,
    "Precision": [
        0.8377918044284139
    ],
    "Recall": [
        0.83684157854355
    ],
    "F1_Score": [
        0.8373164218958611
    ],
    "FPS": 20.31579090481334,
    "Avg_Inference_ms": 49.22279446000175
}